"Citation Key","Year","Venue/Source","Paper Category","Goal: Comm. Efficiency","Goal: Robustness/Byzantine Security","Goal: Acceleration/Convergence","Goal: Privacy/Incentive","Focus on Non-IID Data","Focus on System Heterogeneity","Tech: Local Updates","Tech: Compression/Quantization","Tech: Sparsification/Top-K","Tech: Robust Aggregation","Tech: Momentum/Nesterov","Tech: Adaptive Optimizer","Tech: Differential Privacy (DP)","Tech: Cryptographic Methods (SMPC/HE)","Tech: Incentive Mechanism (Game Theory/Auction)","Comm. Direction: Upstream Compression Only","Assumed Threat Model Limits","Theoretical Convergence Guarantee","Convergence Rate Type","Application Domain","Data Modality Tested","Full Title"
"mcmahan2023communication","2023","arXiv","Research (Foundational Re-release)","Yes","","Yes","","Yes (Empirically)","Yes","Yes","","","","","","","","","","","Empirical Focus","N/A (Empirical)","General FL","Image & Text (CIFAR, Shakespeare)","Communication-Efficient Learning of Deep Networks from Decentralized Data"
"rieke2020the","2020","npj Digital Medicine","Survey/Position Paper","","","","Yes","Yes","","","","","","","","Yes (Discussed)","Yes (Discussed)","","","","N/A (Survey)","N/A","Digital Health","Medical Imaging/Records","The future of digital health with federated learning"
"PATI2024100974","2024","Patterns","Research","","","","Yes","Yes","","","","","","","","","Yes (Focus)","","","","","N/A","Healthcare (Privacy Focus)","Medical Data (BraTS)","Privacy preservation for federated learning in health care"
"WANG2024114084","2024","Decision Support Systems","Research","","","","","Yes","","","","","","","","","","","","","","N/A","Finance (Credit Scoring)","Structured Financial Data","A novel federated learning approach with knowledge transfer for credit scoring"
"lim2020federated","2020","IEEE Commun. Surv. Tutorials","Survey","Yes","","","Yes","","Yes","","","","","","","","","Yes (Discussed)","","","N/A (Survey)","N/A","Mobile Edge Networks","N/A (Survey)","Federated Learning in Mobile Edge Networks: A Comprehensive Survey"
"niknam2020federated","2020","IEEE Communications Magazine","Survey/Magazine","Yes","","","","","Yes","","","","","","","","","","","","N/A (Survey)","N/A","Wireless Communications","N/A (Survey)","Federated Learning for Wireless Communications: Motivation, Opportunities, and Challenges"
"pokhrel2021federated","2021","IEEE Internet Things J.","Survey","","","","","","Yes","","","","","","","","","Yes (Discussed via Blockchain)","","","N/A (Survey)","N/A","Edge Computing & Blockchain","N/A (Survey)","Federated Learning Meets Blockchain in Edge Computing: Opportunities and Challenges"
"ye2020federated","2020","IEEE Network","Survey","","","","","","Yes","","","","","","","","","","","","N/A (Survey)","N/A","Vehicular Edge Computing","Vehicular Sensor Data","Federated Learning in Vehicular Edge Computing: A Survey"
"blanchard2017machine","2017","NeurIPS","Research (Foundational)","","Yes","","","","","","","","Yes (Krum/Multi-Krum)","","","","","","","Often <1/2 or <1/3 Byzantine","Yes","Sub-linear generally","General Distributed ML","Synthetic/Image","Machine Learning with Adversaries: Byzantine Tolerant Gradient Descent"
"yin2018byzantine","2018","ICML","Research","","Yes","","","","","","","","Yes (Trimmed Mean/Median)","","","","","","","Depends on aggregation (<1/2 typical)","Yes","Sub-linear (Optimal statistical rates)","General Distributed ML","Synthetic/Image","Byzantine-Robust Distributed Learning: Towards Optimal Statistical Rates"
"konecný2016federated","2016","CoRR (arXiv)","Research","Yes","","","","","","Yes","Yes (Structured/Sketched)","Yes","","","","","","","Yes (Often emphasized)","","Yes","Sub-linear","General FL (On-Device)","Image & Text","Federated Optimization: Distributed Machine Learning for On-Device Intelligence"
"alistarh2017qsgd","2017","NeurIPS","Research","Yes","","","","","","","Yes (QSGD)","","","","","","","","Yes (Often upstream focus)","","Yes","Sub-linear (Matches SGD rate)","General Distributed ML","Image (ImageNet, CIFAR)","QSGD: Communication-Efficient SGD via Gradient Quantization and Encoding"
"stich2018sparsified","2018","NeurIPS","Research","Yes","","Yes (via Memory)","","","","","","Yes (with error correction)","","","","","","","Yes (Upstream)","","Yes","Sub-linear (Same as SGD)","General Distributed ML","Image (CIFAR)","Sparsified SGD with Memory"
"allouah2025adaptive","2025","ICLR","Research","","Yes","","","","","","","","Yes (Adaptive Clipping)","","","","","","","TBD (Recent Paper)","Yes","TBD","General FL","TBD","Adaptive Gradient Clipping for Robust Federated Learning"
"chen2025allreducecompatibletopkcompressor","2025","arXiv","Research","Yes","","","","","","","","Yes","Yes (Top-K)","","","","","","Yes (Explicitly upstream)","","","TBD","General Distributed Learning","TBD","An All-Reduce Compatible Top-K Compressor for Communication-Efficient Distributed Learning"
"kingma2015adam","2015","ICLR","Research (Foundational)","","","Yes","","","","","","","","","","Yes (Adam Origin)","","","","","","","Yes","Sub-linear","General Optimization","Image (MNIST, CIFAR)","Adam: A Method for Stochastic Optimization"
"aji2017sparse","2017","ICLR Workshop","Research","Yes","","","","","","","","","Yes (Gradient Dropping)","","","","","","","Yes (Upstream)","","Empirical Focus","N/A (Empirical)","General Distributed GD","Translation (WMT) & Image","Sparse Communication for Distributed Gradient Descent"
"lin2018deep","2018","ICLR","Research","Yes","","","","","","","","","Yes (Deep Gradient Compression)","","","","","","","Yes (Upstream focus)","","Empirical Focus","N/A (Empirical)","General Distributed Training","Image (ImageNet) & Speech","Deep Gradient Compression: Reducing the Communication Bandwidth for Distributed Training"
"Fu2024","2024","IEEE Internet of Things Journal","Research","","","","Yes (Incentive)","","Yes","","","","","","","","","Yes (Primary Focus)","","","","N/A","Autonomous Driving","Simulation Data","An Incentive Mechanism for Long-Term Federated Learning in Autonomous Driving"
"Lin2024","2024","IROS","Research","","","","","Yes","","","","","","","","","","","","","","N/A","Autonomous Driving (Planning)","Driving Simulation Data","PP-TIL: Personalized Planning for Autonomous Driving with Instance-based Transfer Imitation Learning"
"xu2022healthcare","2022","Journal of Healthcare Informatics Research","Survey","","","","Yes","Yes","","","","","","","","Yes (Discussed)","Yes (Discussed)","","","","N/A (Survey)","N/A","Healthcare Informatics","Various Medical Data","Federated Learning for Healthcare Informatics"
"Shangguan2025","2025","ACM Computing Surveys","Survey","","","","","","Yes","","","","","","","","","","","","N/A (Survey)","N/A","IoT (Facial Expression)","Facial Image Data","Facial Expression Analysis and Its Potentials in IoT Systems: A Contemporary Survey"
"mhamdi2018bulyan","2018","ICML","Research","","Yes","","","","","","","","Yes (Bulyan Aggregation)","","","","","","","Stronger than Krum (<1/4 or similar range for strong guarantees)","Yes","Sub-linear","General Distributed ML","Synthetic","The Hidden Vulnerability of Distributed Learning in Byzantium"
"yang2020fednag","2022","IEEE Trans. on Parallel and Distributed Systems","Research","","","Yes","","","","","","","","","Yes (Nesterov)","","","","","","","Yes","Often Linear for strongly convex, else Sub-linear","General FL","Image (MNIST, CIFAR, FMNIST)","Federated Learning With Nesterov Accelerated Gradient"
"reddi2021adaptive","2021","ICLR","Research","","","Yes","","Yes (Primary Focus)","","","","","","","","Yes (FedOpt/FedAdam)","","","","","","","Yes","Sub-linear (Matches centralized adaptive rates)","General FL","Image & Text (EMNIST, CIFAR, StackOverflow)","Adaptive Federated Optimization"
"Wu2023","2023","AAAI","Research","","","Yes","","Yes","","","","","","","","Yes (Faster Adaptive)","","","","","","","Yes","Sub-linear (Improved constants)","General FL","Image & Text","Faster adaptive federated learning"
"Yu2019","2019","ICML","Research","Yes","","Yes","","","","","","","","","Yes (Momentum)","","","","","","","Yes","Linear Speedup (for non-convex)","General Distributed Non-Convex","Image (CIFAR, ImageNet)","On the Linear Speedup Analysis of Communication Efficient Momentum SGD for Distributed Non-Convex Optimization"
"chen2017distributed","2017","ACM Measurement and Analysis","Research","","Yes","","","","","","","","Yes (Byzantine GD)","","","","","","","Often <1/3 or <1/2 depending on assumptions","Yes","Sub-linear","General Distributed ML","Synthetic/Regression","Distributed Statistical Machine Learning in Adversarial Settings: Byzantine Gradient Descent"
"Farhadkhani2022Resam","2022","ICML","Research","","Yes","","","","","","","","Yes","Yes (Resilient Averaging)","","","","","","","Typical Byzantine limits (<1/3 or <1/2)","Yes","Sub-linear","General ML","Image (CIFAR)","Byzantine Machine Learning Made Easy By Resilient Averaging of Momentums"
"chen2018lag","2018","NeurIPS","Research","Yes","","","","","","","","","","","","","","","Yes (Lazy updates upstream)","","Yes","Sub-linear","General Distributed Learning","Image & Convex Problems","LAG: Lazily Aggregated Gradient for Communication-Efficient Distributed Learning"
"stich2019local","2019","ICLR","Research","Yes","","Yes","","","","Yes (Analysis of Local SGD)","","","","","","","","","","","","Yes","Sub-linear (Analysis of error bound vs comm rounds)","General Distributed Learning","Image (CIFAR)","Local SGD Converges Fast and Communicates Little"
"yu2019linear","2019","ICML","Research","Yes","","Yes","","","","","","","","","Yes (Momentum)","","","","","","","Yes","Linear Speedup (for non-convex)","General Distributed Non-Convex","Image (CIFAR, ImageNet)","On the Linear Speedup Analysis of Communication Efficient Momentum SGD for Distributed Non-Convex Optimization"
"mao2022communication","2022","ACM Trans. on Intelligent Systems and Technology","Research","Yes","","","","Yes","","","Yes (Adaptive Quantization)","","","","","","","","Yes (Upstream focus)","","Yes","Sub-linear","General FL","Image (MNIST, CIFAR)","Communication-Efficient Federated Learning with Adaptive Quantization"
"zheng2024communication","2024","Applied Intelligence","Research","Yes","","","","","","","","Yes (Compressed Sensing)","","","","","","","","Yes (Upstream focus)","","Yes","Sub-linear","General FL","Image & Sensor Data","Communication-Efficient Federated Learning Based on Compressed Sensing and Ternary Quantization"
"yang2022federated","2022","IEEE Trans. on Parallel and Distributed Systems","Research","","","Yes","","","","","","","","","Yes (Nesterov)","","","","","","","Yes","Often Linear for strongly convex, else Sub-linear","General FL","Image (MNIST, CIFAR, FMNIST)","Federated Learning with Nesterov Accelerated Gradient"
"robbins1951sgd","1951","The Annals of Mathematical Statistics","Research (Foundational)","","","","","","","","","","","","","","","","","","","Yes","Sub-linear (The original O(1/k) or O(1/sqrt(k)))","Stochastic Approximation (Origin)","Theoretical/Synthetic","A Stochastic Approximation Method"
"farhadkhani2022byzantine","2022","ICML","Research","","Yes","","","","","","","","Yes","Yes (Resilient Averaging)","","","","","","","Typical Byzantine limits (<1/3 or <1/2)","Yes","Sub-linear","General ML","Image (CIFAR)","Byzantine Machine Learning Made Easy by Resilient Averaging of Momentums"
"elmhamdi2021distributed","2021","ICLR","Research","","Yes","Yes","","","","","","","Yes","Yes (Distributed Momentum)","","","","","","","Typical Byzantine limits (<1/3 or <1/2)","Yes","Sub-linear (Accelerated rates in adversarial setting)","General Distributed SGD","Image (CIFAR)","Distributed Momentum for Byzantine-Resilient Stochastic Gradient Descent"
"Zhu_2023","2023","IEEE Trans. on Signal and Info. Processing","Research","Yes","Yes","","","","","","","Yes","Yes","","Is Robust Aggregation","","","","","","Yes (Upstream compression)","<1/2 Byzantine","Yes","Sub-linear","General Distributed Learning","Image (MNIST, CIFAR)","Byzantine-Robust Distributed Learning With Compression"
"NEURIPS2018_3328bdf9","2018","NeurIPS","Research","Yes","","","","","","","","","Yes (Sparsification)","","","","","","","Yes (Upstream)","","Yes","Sub-linear","General Distributed Optimization","Image & Speech","Gradient Sparsification for Communication-Efficient Distributed Optimization"
"xu2025nesterovacceleratedrobustfederatedlearning","2025","arXiv","Research","","Yes","Yes","","","","","","","Yes","Yes (Nesterov)","","","Is Robust Aggregation","","","","","TBD (Recent Paper)","Yes","TBD","General FL","TBD","Nesterov-Accelerated Robust Federated Learning Over Byzantine Adversaries"
